Order_Date,Sales,week_of_year,month,quarter,year,weeks_since_start,week_sin,week_cos,lag_1,lag_2,lag_3,lag_4,lag_8,lag_12,rolling_mean_2,rolling_std_2,rolling_mean_4,rolling_std_4,rolling_mean_8,rolling_std_8,diff_1,pct_change_1
2015-03-29,3998.777,13,3,1,2015,12,1.0,-1.6081226496766364e-16,37703.665,4139.602,4030.728,2289.643,2527.9139999999998,304.508,20921.6335,23733.3765514725,12040.9095,17129.486138228636,6832.0064999999995,12546.13840919608,33564.063,8.10804106288479
2015-04-05,10363.902,14,4,2,2015,13,0.992708874098054,-0.12053668025532288,3998.777,37703.665,4139.602,4030.728,968.534,4619.108,20851.221,23832.954863933093,12468.193,16823.756002701914,7015.864375000001,12484.680156578495,-33704.888,-0.8939419549797082
2015-04-12,8418.293,15,4,2,2015,14,0.9709418174260521,-0.2393156642875575,10363.902,3998.777,37703.665,4139.602,2771.054,4130.533,7181.3395,4500.823050600036,14051.486499999999,16045.001816487205,8190.285375000001,12274.687683408509,6365.125,1.5917679330455288
2015-04-19,2198.37,16,4,2,2015,15,0.9350162426854148,-0.35460488704253545,8418.293,10363.902,3998.777,37703.665,224.912,3092.5440000000003,9391.0975,1375.753317437621,15121.15925,15288.741667993967,8896.19025,12079.340150600869,-1945.6090000000004,-0.1877293899537067
2015-04-26,5660.104,17,4,2,2015,16,0.8854560256532099,-0.4647231720437685,2198.37,8418.293,10363.902,3998.777,2289.643,2527.9139999999998,5308.3315,4398.149731758188,6244.8355,3790.746987241479,9142.872500000001,11895.714245475698,-6219.923,-0.7388579846294254
2015-05-03,4974.812,18,5,2,2015,17,0.8229838658936565,-0.5680647467311557,5660.104,2198.37,8418.293,10363.902,4030.728,968.534,3929.237,2447.815586064058,6660.16725,3545.721292641729,9564.180125,11675.976819313059,3461.7340000000004,1.574682150866324
2015-05-10,6332.464,19,5,2,2015,18,0.7485107481711013,-0.663122658240795,4974.812,5660.104,2198.37,8418.293,4139.602,2771.054,5317.4580000000005,484.57462029302025,5312.8947499999995,2554.6439359591654,9682.190625000001,11616.680361434514,-685.2920000000004,-0.12107410040522226
2015-05-17,3967.87,20,5,2,2015,19,0.6631226582407952,-0.7485107481711012,6332.464,4974.812,5660.104,2198.37,37703.665,224.912,5653.638,960.0049356915429,4791.4375,1815.3943032420502,9956.298375,11492.420717682602,1357.652,0.27290518717089207
2015-05-24,6241.984,21,5,2,2015,20,0.5680647467311558,-0.8229838658936564,3967.87,6332.464,4974.812,5660.104,3998.777,2289.643,5150.1669999999995,1672.0204521530611,5233.8125,1009.6948769687913,5739.324,2624.3931110865506,-2364.594,-0.37340820255748786
2015-05-31,6523.233,22,5,2,2015,21,0.46472317204376906,-0.8854560256532096,6241.984,3967.87,6332.464,4974.812,10363.902,4030.728,5104.927,1608.041430591304,5379.2825,1126.7194978596149,6019.724875,2529.9983179388737,2274.1140000000005,0.5731321842701502
2015-06-07,8569.948,23,6,2,2015,22,0.35460488704253584,-0.9350162426854147,6523.233,6241.984,3967.87,6332.464,8418.293,4139.602,6382.6085,198.87307510223613,5766.38775,1204.7288689909744,5539.64125,1864.8647466864445,281.2489999999998,0.04505762911279487
2015-06-14,8683.282000000001,24,6,2,2015,23,0.23931566428755768,-0.970941817426052,8569.948,6523.233,6241.984,3967.87,2198.37,37703.665,7546.5905,1447.2460556562633,6325.75875,1883.440029603882,5558.598125,1898.769972545259,2046.7150000000001,0.31375776397991606
2015-06-21,11139.4446,25,6,2,2015,24,0.12053668025532308,-0.992708874098054,8683.282000000001,8569.948,6523.233,6241.984,5660.104,3998.777,8626.615000000002,80.13923993964266,7504.61175,1301.4783862747279,6369.212125000001,1623.6223906153598,113.33400000000074,0.01322458432653284
2015-06-28,5143.956999999999,26,6,2,2015,25,-3.216245299353273e-16,-1.0,11139.4446,8683.282000000001,8569.948,6523.233,4974.812,10363.902,9911.3633,1736.7692301568106,8728.976900000001,1888.8302288322764,7054.129700000001,2297.5898716265206,2456.1625999999997,0.28286108869895044
2015-07-05,3158.4,27,7,3,2015,26,-0.12053668025532283,-0.992708874098054,5143.956999999999,11139.4446,8683.282000000001,8569.948,6332.464,8418.293,8141.7008000000005,4239.449938479872,8384.1579,2464.041386287751,7075.272825,2276.4024223642027,-5995.487600000001,-0.5382214118646454
2015-07-12,6290.629,28,7,3,2015,27,-0.23931566428755743,-0.9709418174260521,3158.4,5143.956999999999,11139.4446,8683.282000000001,3967.87,2198.37,4151.1785,1404.0008191324562,7031.2709,3566.852701803791,6678.514825,2667.39167438457,-1985.5569999999993,-0.38599797782135414
2015-07-19,1387.686,29,7,3,2015,28,-0.3546048870425356,-0.9350162426854148,6290.629,3158.4,5143.956999999999,11139.4446,6241.984,5660.104,4724.514499999999,2214.8203661291827,6433.10765,3393.8929095266185,6968.859700000001,2447.5441711017593,3132.229,0.9917138424518743
2015-07-26,21590.079999999998,30,7,3,2015,29,-0.46472317204376806,-0.8854560256532101,1387.686,6290.629,3158.4,5143.956999999999,6523.233,4974.812,3839.1575,3466.904243071131,3995.1679999999997,2167.0256447636643,6362.072450000001,3153.4319793493028,-4902.943,-0.7794042535333112
2015-08-02,3255.66,31,8,3,2015,30,-0.5680647467311556,-0.8229838658936565,21590.079999999998,1387.686,6290.629,3158.4,8569.948,6332.464,11488.882999999998,14285.249793602425,8106.69875,9214.670768646245,8245.428325,6246.129534628221,20202.393999999997,14.558332360490773
2015-08-09,13454.076000000001,32,8,3,2015,31,-0.663122658240795,-0.7485107481711013,3255.66,21590.079999999998,1387.686,6290.629,8683.282000000001,3967.87,12422.869999999997,12964.392711122266,8131.013749999999,9197.37324242599,7581.142324999999,6484.720579318167,-18334.42,-0.8492057463427648
2015-08-16,3187.942,33,8,3,2015,32,-0.7485107481711011,-0.6631226582407952,13454.076000000001,3255.66,21590.079999999998,1387.686,11139.4446,6241.984,8354.867999999999,7211.369110961395,9921.8755,9414.426095809398,8177.491575,6811.678895279399,10198.416000000001,3.132518751958129
2015-08-23,4366.4980000000005,34,8,3,2015,33,-0.8229838658936564,-0.5680647467311559,3187.942,13454.076000000001,3255.66,21590.079999999998,5143.956999999999,6523.233,8321.008999999998,7259.2529679697855,10371.9395,8899.391284136591,7183.553749999999,6897.3279054398345,-10266.134000000002,-0.7630500972344738
2015-08-30,4901.8925,35,8,3,2015,34,-0.8854560256532096,-0.4647231720437691,4366.4980000000005,3187.942,13454.076000000001,3255.66,3158.4,8569.948,3777.2199999999984,833.3649396081448,6066.044,4954.9033892027965,7086.371375,6935.542192524633,1178.5560000000005,0.36969179489463744
2015-09-06,4234.85,36,9,3,2015,35,-0.9350162426854147,-0.3546048870425359,4901.8925,4366.4980000000005,3187.942,13454.076000000001,6290.629,8683.282000000001,4634.195249999999,378.58108156010246,6477.602125,4705.765007430859,7304.3079375,6820.926168787314,535.3944999999994,0.122614163569982
2015-09-13,29959.137,37,9,3,2015,36,-0.970941817426052,-0.23931566428755774,4234.85,4901.8925,4366.4980000000005,3187.942,1387.686,11139.4446,4568.371249999998,471.67027508972444,4172.795625000001,717.1448648048226,7047.3355624999995,6902.804660115425,-667.0424999999996,-0.13607856557441833
2015-09-20,20685.832000000002,38,9,3,2015,37,-0.992708874098054,-0.12053668025532357,29959.137,4234.85,4901.8925,4366.4980000000005,21590.079999999998,5143.956999999999,17096.993499999997,18189.81777888895,10865.594375,12732.296659606787,10618.7669375,10172.926399028975,25724.286999999997,6.074426957271213
2015-09-27,17249.3338,39,9,3,2015,38,-1.0,-1.8369701987210297e-16,20685.832000000002,29959.137,4234.85,4901.8925,3255.66,3158.4,25322.4845,6557.216849511134,14945.427875000001,12569.179003336443,10505.735937500001,10037.735240025593,-9273.304999999997,-0.3095317799040739
2015-10-04,11781.179,40,10,4,2015,39,-0.992708874098054,0.1205366802553232,17249.3338,20685.832000000002,29959.137,4234.85,13454.076000000001,6290.629,18967.5829,2429.971180755409,18032.2882,10650.091321547094,12254.9451625,9810.544975185476,-3436.498200000002,-0.16612811125991944
2015-10-11,4751.272,41,10,4,2015,40,-0.9709418174260521,0.23931566428755738,11781.179,17249.3338,20685.832000000002,29959.137,3187.942,1387.686,14515.256399999998,3866.5693396577967,19918.87045,7632.029666157475,12045.8330375,9799.156418033932,-5468.1548,-0.3170067240509892
2015-10-18,10468.226,42,10,4,2015,41,-0.9350162426854148,0.35460488704253557,4751.272,11781.179,17249.3338,20685.832000000002,4366.4980000000005,21590.079999999998,8266.225499999999,4970.8949108108,13616.904199999999,6955.420101286975,12241.2492875,9611.058753533773,-7029.907,-0.5967065774995864
2015-10-25,3882.9900000000002,43,10,4,2015,42,-0.8854560256532101,0.464723172043768,10468.226,4751.272,11781.179,17249.3338,4901.8925,3255.66,7609.748999999998,4042.4969411315847,11062.5027,5130.892463918735,13003.9652875,9126.767309966666,5716.954000000001,1.2032470462646634
2015-11-01,14794.436,44,11,4,2015,43,-0.822983865893657,0.5680647467311548,3882.9900000000002,10468.226,4751.272,11781.179,4234.85,13454.076000000001,7175.607999999997,4656.465031313799,7720.916749999999,3982.541455464454,12876.602475000002,9262.088681170815,-6585.236000000001,-0.6290689559052317
2015-11-08,14934.875,45,11,4,2015,44,-0.7485107481711011,0.6631226582407952,14794.436,3882.9900000000002,10468.226,4751.272,29959.137,3187.942,9338.712999999998,7715.557459150844,8474.231,5127.082501703154,14196.550725000001,8582.07517107712,10911.446,2.810062863927025
2015-11-15,15130.8292,46,11,4,2015,45,-0.6631226582407955,0.7485107481711007,14934.875,14794.436,3882.9900000000002,10468.226,20685.832000000002,4366.4980000000005,14864.655499999997,99.30536924418253,11020.131749999999,5190.182386052366,12318.517975,5848.492360939625,140.4390000000003,0.009492690360078715
2015-11-22,26793.6235,47,11,4,2015,46,-0.5680647467311559,0.8229838658936564,15130.8292,14934.875,14794.436,3882.9900000000002,17249.3338,4901.8925,15032.852099999998,138.5605436227896,12185.782549999998,5536.91388229507,11624.142624999999,4978.15131623868,195.95420000000013,0.013120578511705006
2015-11-29,16191.363,48,11,4,2015,47,-0.4647231720437684,0.88545602565321,26793.6235,15130.8292,14934.875,14794.436,11781.179,4234.85,20962.226349999997,8246.84093711383,17913.440925,5921.7288373465835,12817.1788375,7176.923582054844,11662.794300000001,0.7707967716666844
2015-12-06,13185.832,49,12,4,2015,48,-0.35460488704253595,0.9350162426854147,16191.363,26793.6235,15130.8292,14934.875,4751.272,29959.137,21492.49325,7496.930295456292,18262.672674999998,5714.02154546026,13368.451837499999,7254.931647344823,-10602.260500000002,-0.395700883831558
2015-12-13,8971.0645,50,12,4,2015,49,-0.2393156642875578,0.970941817426052,13185.832,16191.363,26793.6235,15130.8292,10468.226,20685.832000000002,14688.597499999998,2125.2313511664297,17825.411925,6106.974501491142,14422.7718375,6384.390213722735,-3005.530999999999,-0.18562557086762854
2015-12-20,23416.453,51,12,4,2015,50,-0.12053668025532363,0.992708874098054,8971.0645,13185.832,16191.363,26793.6235,3882.9900000000002,17249.3338,11078.448249999998,2980.290680374704,16285.47075,7605.665205544333,14235.62665,6536.988847548101,-4214.7675,-0.31964365236869385
2015-12-27,10632.52,52,12,4,2015,51,6.432490598706546e-16,1.0,23416.453,8971.0645,13185.832,16191.363,14794.436,11781.179,16193.758749999997,10214.43216522418,15441.178125,6085.9604320777535,16677.309525,5713.911933870111,14445.388500000001,1.6102201137891718
2016-01-03,15880.6606,53,1,1,2016,52,0.12053668025532314,0.992708874098054,10632.52,23416.453,8971.0645,13185.832,14934.875,4751.272,17024.4865,9039.605714534495,14051.467375,6479.505507990446,16157.070025,6087.112870737475,-12783.933,-0.5459380632925064
2016-01-10,1973.444,1,1,1,2016,53,0.12053668025532305,0.992708874098054,15880.6606,10632.52,23416.453,8971.0645,15130.8292,10468.226,13256.590299999996,3710.995806880454,14725.174525,6499.565955772882,16275.293225,6069.142436464183,5248.140599999999,0.4935932967913532
2016-01-17,1720.158,2,1,1,2016,54,0.23931566428755774,0.970941817426052,1973.444,15880.6606,10632.52,23416.453,26793.6235,3882.9900000000002,8927.052299999996,9833.887165290127,12975.769400000001,9018.28233603332,14630.620075,7923.157060037002,-13907.2166,-0.8757328772582672
2016-01-24,358.522,3,1,1,2016,55,0.3546048870425356,0.9350162426854148,1720.158,1973.444,15880.6606,10632.52,16191.363,14794.436,1846.8009999999963,179.10024817977975,7551.695649999999,6927.887091265672,11496.4368875,7363.922375212524,-253.28600000000006,-0.12834719404249628
2016-01-31,10314.516,4,1,1,2016,56,0.4647231720437685,0.8854560256532099,358.522,1720.158,1973.444,15880.6606,13185.832,14934.875,1039.3399999999963,962.8220491077532,4983.196149999999,7299.506111271663,9517.331762500002,8020.219353163774,-1361.636,-0.7915761226585
2016-02-07,3249.49,5,2,1,2016,57,0.5680647467311558,0.8229838658936564,10314.516,358.522,1720.158,1973.444,8971.0645,15130.8292,5336.518999999997,7039.9508708525855,3591.659999999999,4537.661544688704,9158.4172625,7895.880309915129,9955.993999999999,27.769548312237465
2016-02-14,2071.846,6,2,1,2016,58,0.6631226582407952,0.7485107481711011,3249.49,10314.516,358.522,1720.158,23416.453,26793.6235,6782.002999999996,4995.727793859279,3910.671499999999,4429.541015355692,8443.22045,8169.654211694084,-7065.026,-0.6849595269424178
2016-02-21,4776.534,7,2,1,2016,59,0.7485107481711011,0.6631226582407953,2071.846,3249.49,10314.516,358.522,10632.52,16191.363,2660.667999999996,832.7200582236947,3998.5934999999986,4374.7194018049895,5775.144574999999,5690.22266647214,-1177.6439999999998,-0.362408870315034
2016-02-28,1853.5410000000002,8,2,1,2016,60,0.8229838658936564,0.5680647467311559,4776.534,2071.846,3249.49,10314.516,15880.6606,13185.832,3424.189999999996,1912.5032257939015,5103.096499999999,3646.4536617549843,5043.146325,5342.110250711747,2704.6879999999996,1.3054483779199804
2016-03-06,6066.2554,9,3,1,2016,61,0.8854560256532099,0.4647231720437686,1853.5410000000002,4776.534,2071.846,3249.49,1973.444,8971.0645,3315.0374999999963,2066.868171660829,2987.852749999999,1340.841300194618,3289.756375,3114.3412385210113,-2922.9929999999995,-0.611948538417187
2016-03-13,5375.648,10,3,1,2016,62,0.9350162426854148,0.35460488704253557,6066.2554,1853.5410000000002,4776.534,2071.846,1720.158,23416.453,3959.8981999999965,2978.838919442232,3692.044099999999,2067.053714203136,3801.3577999999998,3202.1472677925644,4212.7144,2.272792670893171
2016-03-20,13310.136,11,3,1,2016,63,0.970941817426052,0.23931566428755804,5375.648,6066.2554,1853.5410000000002,4776.534,358.522,10632.52,5720.951699999996,488.3331756777086,4517.994599999999,1852.8209544056085,4258.29405,3122.5653603179553,-690.6073999999999,-0.11384410224468955
2016-03-27,5012.915,12,3,1,2016,64,0.992708874098054,0.120536680255323,13310.136,5375.648,6066.2554,1853.5410000000002,10314.516,15880.6606,9342.891999999996,5610.5302700432985,6651.3951,4807.222117810316,5877.2458,4035.777204338313,7934.488,1.4760058694319271
2016-04-03,2873.5840000000003,13,4,2,2016,65,1.0,-1.6081226496766364e-16,5012.915,13310.136,5375.648,6066.2554,3249.49,1973.444,9161.525499999996,5867.021234103438,7441.238599999999,3936.917386532018,5214.545675,3616.565315323718,-8297.221000000001,-0.6233761247818956
2016-04-10,6433.63,14,4,2,2016,66,0.992708874098054,-0.12053668025532288,2873.5840000000003,5012.915,13310.136,5375.648,2071.846,1720.158,3943.249499999997,1512.7354573026232,6643.07075,4579.758276105073,5167.557425,3648.048545903538,-2139.3309999999997,-0.4267638689265626
2016-04-17,11463.31,15,4,2,2016,67,0.9709418174260521,-0.2393156642875575,6433.63,2873.5840000000003,5012.915,13310.136,4776.534,358.522,4653.606999999998,2517.3326679360607,6907.56625,4512.214206097369,5712.780425,3439.251848322789,3560.046,1.2388870483688659
2016-04-24,4603.642,16,4,2,2016,68,0.9350162426854148,-0.35460488704253545,11463.31,6433.63,2873.5840000000003,5012.915,1853.5410000000002,10314.516,8948.469999999998,3556.520835198373,6445.85975,3651.001746945657,6548.627425000001,3953.3364624741694,5029.679999999999,0.7817794930700086
2016-05-01,11805.6065,17,5,2,2016,69,0.8854560256532099,-0.4647231720437685,4603.642,11463.31,6433.63,2873.5840000000003,6066.2554,3249.49,8033.475999999997,4850.517759488374,6343.541499999999,3709.806857206584,6892.39005,3589.5848173204517,-6859.668,-0.5984020322228047
2016-05-08,7774.9439999999995,18,5,2,2016,70,0.8229838658936565,-0.5680647467311557,11805.6065,4603.642,11463.31,6433.63,5375.648,2071.846,8204.624249999997,5092.557935814795,8576.547125,3611.8459398956975,7609.8089375,3955.7465011342065,7201.9645,1.5644058551903037
2016-05-15,4905.0615,19,5,2,2016,71,0.7485107481711013,-0.663122658240795,7774.9439999999995,11805.6065,4603.642,11463.31,13310.136,4776.534,9790.275249999997,2850.1087864243486,8911.875624999999,3402.7922962554153,7909.720937499999,3851.7478314751124,-4030.6625000000004,-0.3414193502044982
2016-05-22,4418.17,20,5,2,2016,72,0.6631226582407952,-0.7485107481711012,4905.0615,7774.9439999999995,11805.6065,4603.642,5012.915,1853.5410000000002,6340.002749999997,2029.3133769586284,7272.313499999999,3343.105963511351,6859.086625,3270.74839230095,-2869.8824999999997,-0.3691193788662658
2016-05-29,6551.177,21,5,2,2016,73,0.5680647467311558,-0.8229838658936564,4418.17,4905.0615,7774.9439999999995,11805.6065,2873.5840000000003,6066.2554,4661.615749999997,344.28428135222043,7225.945499999998,3393.3660784821254,6784.7435,3325.0150250904962,-486.8914999999997,-0.09926307753735597
2016-06-05,9418.944,22,6,2,2016,74,0.46472317204376906,-0.8854560256532096,6551.177,4418.17,4905.0615,7774.9439999999995,6433.63,5375.648,5484.673499999997,1508.2637140184067,5912.338124999998,1541.0559517025126,7244.442625,2938.8256354930704,2133.0069999999996,0.4827806535284971
2016-06-12,4550.428,23,6,2,2016,75,0.35460488704253584,-0.9350162426854147,9418.944,6551.177,4418.17,4905.0615,11463.31,13310.136,7985.060499999997,2027.8174925630328,6323.338124999998,2256.535726567991,7617.6068749999995,3009.8386161769954,2867.767,0.4377483618592506
2016-06-19,7687.451000000001,24,6,2,2016,76,0.23931566428755768,-0.970941817426052,4550.428,9418.944,6551.177,4418.17,4603.642,5012.915,6984.685999999997,3442.5606779152217,6234.679749999999,2336.387592867014,6753.496625,2727.0748588494894,-4868.516,-0.516885544706498
2016-06-26,6242.707,25,6,2,2016,77,0.12053668025532308,-0.992708874098054,7687.451000000001,4550.428,9418.944,6551.177,11805.6065,2873.5840000000003,6118.939499999998,2218.2102360381914,7052.0,2042.458324425901,7138.97275,2594.5057917169715,3137.023000000001,0.6893907562101853
2016-07-03,4014.966,26,7,3,2016,78,-3.216245299353273e-16,-1.0,6242.707,7687.451000000001,4550.428,9418.944,7774.9439999999995,6433.63,6965.078999999998,1021.5882794786337,6974.882499999999,2073.262410497441,6443.6103125,1783.968789960296,-1444.7440000000006,-0.18793537675882432
2016-07-10,4291.266,27,7,3,2016,79,-0.12053668025532283,-0.992708874098054,4014.966,6242.707,7687.451000000001,4550.428,4905.0615,11463.31,5128.836499999998,1575.250767827331,5623.887999999999,1671.5437558749936,5973.6130625000005,1876.0329342971322,-2227.7410000000004,-0.35685496692380414
2016-07-17,10366.159,28,7,3,2016,80,-0.23931566428755743,-0.9709418174260521,4291.266,4014.966,6242.707,7687.451000000001,4418.17,4603.642,4153.115999999997,195.37360364205975,5559.097499999999,1730.9871337031022,5896.888625,1937.5202515614867,276.2999999999997,0.06881751925171953
2016-07-24,3955.135,29,7,3,2016,81,-0.3546048870425356,-0.9350162426854148,10366.159,4291.266,4014.966,6242.707,6551.177,11805.6065,7328.712499999997,4295.598035282703,6228.7744999999995,2931.042583430056,6640.38725,2379.776110309295,6074.893,1.4156412117076873
2016-07-31,7539.815,30,7,3,2016,82,-0.46472317204376806,-0.8854560256532101,3955.135,10366.159,4291.266,4014.966,9418.944,7774.9439999999995,7160.646999999997,4533.278544749717,5656.881499999999,3142.930051467316,6315.8820000000005,2563.5781986901584,-6411.023999999999,-0.6184570389090115
2016-08-07,3837.8992,31,8,3,2016,83,-0.5680647467311556,-0.8229838658936565,7539.815,3955.135,10366.159,4291.266,4550.428,4905.0615,5747.474999999997,2534.7515363838124,6538.093749999999,3020.896106749935,6080.990875,2312.4248174160393,3584.6799999999994,0.906335687656679
2016-08-14,7272.986,32,8,3,2016,84,-0.663122658240795,-0.7485107481711013,3837.8992,7539.815,3955.135,10366.159,7687.451000000001,4418.17,5688.857099999997,2617.6497655616417,6424.752049999999,3139.472894673819,5991.924775,2392.1459326059867,-3701.9157999999998,-0.4909823119002257
2016-08-21,7085.682,33,8,3,2016,85,-0.7485107481711011,-0.6631226582407952,7272.986,3837.8992,7539.815,3955.135,6242.707,6551.177,5555.442599999997,2428.9731702444174,5651.4587999999985,2029.9222034039396,5940.11665,2354.368922668517,3435.0868,0.8950435175577305
2016-08-28,15773.478,34,8,3,2016,86,-0.8229838658936564,-0.5680647467311559,7085.682,7272.986,3837.8992,7539.815,4014.966,9418.944,7179.333999999997,132.44392854380752,6434.095549999998,1740.7999194610152,6045.488525,2388.4634738996824,-187.3040000000001,-0.025753383823370446
2016-09-04,8162.043,35,9,3,2016,87,-0.8854560256532096,-0.4647231720437691,15773.478,7085.682,7272.986,3837.8992,4291.266,4550.428,11429.579999999996,6143.199465165376,8492.511299999998,5103.733944367064,7515.302524999999,4020.682889891805,8687.795999999998,1.226105828627364
2016-09-11,8243.94,36,9,3,2016,88,-0.9350162426854147,-0.3546048870425359,8162.043,15773.478,7085.682,7272.986,10366.159,7687.451000000001,11967.760499999997,5382.097303060644,9573.547249999998,4159.869433837341,7999.14965,3804.3627908717053,-7611.4349999999995,-0.48254639845441827
2016-09-18,24095.96,37,9,3,2016,89,-0.970941817426052,-0.23931566428755774,8243.94,8162.043,15773.478,7085.682,3955.135,6242.707,8202.991499999996,57.90992405983688,9816.28575,4006.375193631794,7733.872275,3687.9426335589997,81.89700000000084,0.010033884898670742
2016-09-25,18316.364999999998,38,9,3,2016,90,-0.992708874098054,-0.12053668025532357,24095.96,8243.94,8162.043,15773.478,7539.815,4014.966,16169.949999999997,11209.070837504783,14068.855249999999,7577.788529945536,10251.4754,6524.00951919685,15852.019999999999,1.92286940467786
2016-10-02,9591.275,39,10,4,2016,91,-1.0,-1.8369701987210297e-16,18316.364999999998,24095.96,8243.94,8162.043,3837.8992,4291.266,21206.162499999995,4086.7908170119,14704.577,7869.512242330261,11598.54415,6980.70288973667,-5779.595000000001,-0.23985742838218527
2016-10-09,3987.545,40,10,4,2016,92,-0.992708874098054,0.1205366802553232,9591.275,18316.364999999998,24095.96,8243.94,7272.986,10366.159,13953.819999999996,6169.5703054629475,15061.884999999998,7497.068293031829,12317.716124999999,6333.305868941967,-8725.089999999998,-0.4763548881014328
2016-10-16,9673.8455,41,10,4,2016,93,-0.9709418174260521,0.23931566428755738,3987.545,9591.275,18316.364999999998,24095.96,7085.682,3955.135,6789.409999999996,3962.4354829385056,13997.786249999997,8948.845489497857,11907.035999999998,6796.727429160979,-5603.73,-0.5842528756604309
2016-10-23,5588.974,42,10,4,2016,94,-0.9350162426854148,0.35460488704253557,9673.8455,3987.545,9591.275,18316.364999999998,15773.478,7539.815,6830.695249999996,4020.8216434144692,10392.257624999998,5915.220780502407,12230.5564375,6592.99290212503,5686.300499999999,1.4260153803906914
2016-10-30,6122.684,43,10,4,2016,95,-0.8854560256532101,0.464723172043768,5588.974,9673.8455,3987.545,9591.275,8162.043,3837.8992,7631.409749999996,2888.440337925684,7210.409874999999,2872.4522694732577,10957.4934375,6791.441007543731,-4084.8714999999993,-0.4222593279993979
2016-11-06,15492.867,44,11,4,2016,96,-0.822983865893657,0.5680647467311548,6122.684,5588.974,9673.8455,3987.545,8243.94,7272.986,5855.828999999996,377.38996018720417,6343.262124999998,2398.5964003689915,10702.5735625,6947.832783575509,533.71,0.09549337678078307
2016-11-13,27965.3492,45,11,4,2016,97,-0.7485107481711011,0.6631226582407952,15492.867,6122.684,5588.974,9673.8455,24095.96,7085.682,10807.775499999996,6625.7199402589185,9219.592625,4558.236197268764,11608.6894375,7053.270033020896,9370.183,1.53040447620684
2016-11-20,15075.134,46,11,4,2016,98,-0.6631226582407955,0.7485107481711007,27965.3492,15492.867,6122.684,5588.974,18316.364999999998,15773.478,21729.108099999998,8819.376741848524,13792.46855,10486.25797068406,12092.3630875,8088.591595560884,12472.4822,0.8050467482874539
2016-11-27,13504.0113,47,11,4,2016,99,-0.5680647467311559,0.8229838658936564,15075.134,27965.3492,15492.867,6122.684,9591.275,8162.043,21520.241599999998,9114.758578873923,16164.008549999999,8976.560562961535,11687.2092125,7808.628224220761,-12890.2152,-0.46093524911178296
2016-12-04,20712.100000000002,48,12,4,2016,100,-0.4647231720437684,0.88545602565321,13504.0113,15075.134,27965.3492,15492.867,3987.545,8243.94,14289.572649999998,1110.951515246195,18009.340375,6692.3415706734595,12176.30125,7781.083881912676,-1571.1227,-0.10421948488152744
2016-12-11,15675.144,49,12,4,2016,101,-0.35460488704253595,0.9350162426854147,20712.100000000002,13504.0113,15075.134,27965.3492,9673.8455,24095.96,17108.05565,5096.888399164147,19314.148625,6545.341349949248,14266.870625000001,7508.634586990148,7208.088700000002,0.5337738942798427
2016-12-18,11314.539999999999,50,12,4,2016,102,-0.2393156642875578,0.970941817426052,15675.144,20712.100000000002,13504.0113,15075.134,5588.974,18316.364999999998,18193.622000000003,3561.6657441382995,16241.597325,3117.759744294543,15017.0329375,7280.527450140084,-5036.956000000002,-0.24318905374153277
2016-12-25,22843.047,51,12,4,2016,103,-0.12053668025532363,0.992708874098054,11314.539999999999,15675.144,20712.100000000002,13504.0113,6122.684,9591.275,13494.841999999997,3083.412658469214,15301.448825,4022.4792461237084,15732.7286875,6456.059778405556,-4360.604000000001,-0.2781858973671949
2017-01-01,10421.8172,52,1,1,2017,104,6.432490598706546e-16,1.0,22843.047,11314.539999999999,15675.144,20712.100000000002,15492.867,3987.545,17078.793499999996,8151.885476656595,17636.20775,5176.277371557811,17822.7740625,5542.334542788118,11528.507,1.0189107997320264
2017-01-08,5769.608,1,1,1,2017,105,0.12053668025532305,0.992708874098054,10421.8172,22843.047,11314.539999999999,15675.144,27965.3492,9673.8455,16632.432099999995,8783.135822256432,15063.637049999998,5671.430746299964,17188.8928375,6107.9989427297605,-12421.2298,-0.5437641396964249
2017-01-15,2174.507,2,1,1,2017,106,0.23931566428755774,0.970941817426052,5769.608,10421.8172,22843.047,11314.539999999999,15075.134,5588.974,8095.712599999996,3289.6086728184455,12587.253049999998,7256.502934167656,14414.4251875,5527.079390608618,-4652.209199999999,-0.44639136445417593
2017-01-22,3227.454,3,1,1,2017,107,0.3546048870425356,0.9350162426854148,2174.507,5769.608,10421.8172,22843.047,13504.0113,6122.684,3972.0574999999963,2542.120296150527,10302.2448,9016.483710120952,12801.8468125,6994.038636155701,-3595.101,-0.6231100969077968
2017-01-29,2662.052,4,1,1,2017,108,0.4647231720437685,0.8854560256532099,3227.454,2174.507,5769.608,10421.8172,20712.100000000002,15492.867,2700.9804999999965,744.5459639299768,5398.34655,3673.282289880867,11517.27715,7749.5718234373035,1052.9470000000001,0.4842233205043718
2017-02-05,17926.368,5,2,1,2017,109,0.5680647467311558,0.8229838658936564,2662.052,3227.454,2174.507,5769.608,15675.144,27965.3492,2944.7529999999965,399.79958829634006,3458.4052500000003,1599.7468389949374,9261.021149999999,7304.947054079333,-565.402,-0.17518514593856338
2017-02-12,3821.642,6,2,1,2017,110,0.6631226582407952,0.7485107481711011,17926.368,2662.052,3227.454,2174.507,11314.539999999999,15075.134,10294.209999999995,10793.501353774318,6497.59525,7631.320427597545,9542.424149999999,7623.736646150035,15264.315999999999,5.7340412583976565
2017-02-19,2920.111,7,2,1,2017,111,0.7485107481711011,0.6631226582407953,3821.642,17926.368,2662.052,3227.454,22843.047,13504.0113,10874.004999999996,9973.547401378211,6909.378999999999,7359.903186814438,8605.8119,7832.337152710403,-14104.725999999999,-0.7868144846741961
2017-02-26,2628.088,8,2,1,2017,112,0.8229838658936564,0.5680647467311559,2920.111,3821.642,17926.368,2662.052,10421.8172,20712.100000000002,3370.876499999996,637.4786835498348,6832.54325,7412.570343637685,6115.4448999999995,5469.806029339234,-901.531,-0.23590147899777114
2017-03-05,14419.498000000001,9,3,1,2017,113,0.8854560256532099,0.4647231720437686,2628.088,2920.111,3821.642,17926.368,5769.608,15675.144,2774.0994999999966,206.49144356223943,6824.05225,7418.956700972914,5141.22875,5284.147247009879,-292.0229999999997,-0.10000407518755272
2017-03-12,14129.183,10,3,1,2017,114,0.9350162426854148,0.35460488704253557,14419.498000000001,2628.088,2920.111,3821.642,2174.507,11314.539999999999,8523.792999999998,8337.785970750872,5947.33475,5670.908287684987,6222.465,6231.192617603415,11791.410000000002,4.486687660382757
2017-03-19,14902.938,11,3,1,2017,115,0.970941817426052,0.23931566428755804,14129.183,14419.498000000001,2628.088,2920.111,3227.454,22843.047,14274.340499999998,205.28370518063636,8524.220000000001,6641.795017763345,7716.7995,6547.194282857407,-290.3150000000005,-0.020133502567149075
2017-03-26,4575.475,12,3,1,2017,116,0.992708874098054,0.120536680255323,14902.938,14129.183,14419.498000000001,2628.088,2662.052,10421.8172,14516.060499999996,547.127407477176,11519.92675,5936.477437156891,9176.235,6702.952638692625,773.7549999999992,0.05476289747255736
2017-04-02,7145.821,13,4,2,2017,117,1.0,-1.6081226496766364e-16,4575.475,14902.938,14129.183,14419.498000000001,17926.368,5769.608,9739.206499999997,7302.61911975317,12006.773500000001,4964.468007945825,9415.412875,6467.299972155413,-10327.463,-0.6929816791829906
2017-04-09,9674.378999999999,14,4,2,2017,118,0.992708874098054,-0.12053668025532288,7145.821,4575.475,14902.938,14129.183,3821.642,2174.507,5860.6479999999965,1817.5090865957052,10188.35425,5115.950652127996,8067.8445,5489.847102291791,2570.3459999999995,0.5617659368699424
2017-04-16,15502.758,15,4,2,2017,119,0.9709418174260521,-0.2393156642875575,9674.378999999999,7145.821,4575.475,14902.938,2920.111,3227.454,8410.099999999995,1787.9605084235027,9074.65325,4408.006838931804,8799.436625,5226.824351029148,2528.557999999999,0.35385129294450546
2017-04-23,7107.204,16,4,2,2017,120,0.9350162426854148,-0.35460488704253545,15502.758,9674.378999999999,7145.821,4575.475,2628.088,2662.052,12588.568499999996,4121.28631422529,9224.60825,4674.514392533148,10372.2675,5096.434629600005,5828.379000000001,0.6024551033198102
2017-04-30,2779.046,17,4,2,2017,121,0.8854560256532099,-0.4647231720437685,7107.204,15502.758,9674.378999999999,7145.821,14419.498000000001,17926.368,11304.980999999996,5936.553165217855,9857.5405,3950.5190489057195,10932.157000000001,4309.392317943165,-8395.554,-0.5415522837936321
2017-05-07,10158.411,18,5,2,2017,122,0.8229838658936565,-0.5680647467311557,2779.046,7107.204,15502.758,9674.378999999999,14129.183,3821.642,4943.124999999996,3060.4698718467885,8765.846749999999,5316.774806590761,9477.1005,4889.788067743616,-4328.157999999999,-0.6089818161966365
2017-05-14,4767.564,19,5,2,2017,123,0.7485107481711013,-0.663122658240795,10158.411,2779.046,7107.204,15502.758,14902.938,2920.111,6468.7284999999965,5217.999032350663,8886.85475,5349.75125991314,8980.753999999999,4539.062600805855,7379.365,2.6553590692633375
2017-05-21,8770.649,20,5,2,2017,124,0.6631226582407952,-0.7485107481711012,4767.564,10158.411,2779.046,7107.204,4575.475,2628.088,7462.9874999999965,3811.9044700391546,6203.05625,3175.258443239588,7713.83225,4036.6111306303255,-5390.847,-0.5306781739781941
2017-05-28,23367.662,21,5,2,2017,125,0.5680647467311558,-0.8229838658936564,8770.649,4767.564,10158.411,2779.046,7145.821,14419.498000000001,6769.106499999996,2830.6085491661433,6618.9175,3431.7189863152203,8238.229,3838.289160228048,4003.084999999999,0.8396499763820682
2017-06-04,12066.989,22,6,2,2017,126,0.46472317204376906,-0.8854560256532096,23367.662,8770.649,4767.564,10158.411,9674.378999999999,14129.183,16069.155499999997,10321.646877368205,11766.071500000002,8065.009559697015,10265.959125000001,6524.022835720674,14597.013,1.6643024934642807
2017-06-11,10913.018,23,6,2,2017,127,0.35460488704253584,-0.9350162426854147,12066.989,23367.662,8770.649,4767.564,15502.758,14902.938,17717.325499999995,7990.782510271752,12243.216,7994.34068903408,10565.035375,6547.827191048829,-11300.673,-0.4836030664942004
2017-06-18,10713.721,24,6,2,2017,128,0.23931566428755768,-0.970941817426052,10913.018,12066.989,23367.662,8770.649,7107.204,4575.475,11490.003499999995,815.9807193927419,13779.579500000002,6536.330566778493,9991.317875,6247.5716367502555,-1153.9709999999995,-0.09563040125419853
2017-06-25,10503.088,25,6,2,2017,129,0.12053668025532308,-0.992708874098054,10713.721,10913.018,12066.989,23367.662,2779.046,7145.821,10813.369499999993,140.92426017075692,14265.3475,6097.460488419327,10442.1325,6138.903372478729,-199.29700000000048,-0.01826231753672547
2017-07-02,7617.454000000001,26,7,3,2017,130,-3.216245299353273e-16,-1.0,10503.088,10713.721,10913.018,12066.989,10158.411,9674.378999999999,10608.404499999993,148.94002264223118,11049.204000000002,698.8620420764323,11407.63775,5313.408377205357,-210.6329999999998,-0.01966011621919217
2017-07-09,9571.03,27,7,3,2017,131,-0.12053668025532283,-0.992708874098054,7617.454000000001,10503.088,10713.721,10913.018,4767.564,15502.758,9060.270999999995,2040.4513694224897,9936.82025,1555.2765872757743,11090.018125,5472.320318228299,-2885.633999999999,-0.27474148555167766
2017-07-16,4431.985,28,7,3,2017,132,-0.23931566428755743,-0.9709418174260521,9571.03,7617.454000000001,10503.088,10713.721,8770.649,7107.204,8594.241999999995,1381.3868371633278,9601.323250000001,1412.7117305190707,11690.451375,4914.610371369039,1953.576,0.25646049191764075
2017-07-23,9716.872,29,7,3,2017,133,-0.3546048870425356,-0.9350162426854148,4431.985,9571.03,7617.454000000001,10503.088,23367.662,2779.046,7001.507499999994,3633.853568322827,8030.889250000001,2683.70643550561,11148.118375,5488.700773425539,-5139.045000000001,-0.5369375082932559
2017-07-30,9929.576000000001,30,7,3,2017,134,-0.46472317204376806,-0.8854560256532101,9716.872,4431.985,9571.03,7617.454000000001,12066.989,10158.411,7074.4284999999945,3736.979435504635,7834.335250000001,2461.9151061761313,9441.769625,2399.972160287187,5284.887,1.1924424383205268
2017-08-06,5045.558,31,8,3,2017,135,-0.5680647467311556,-0.8229838658936565,9929.576000000001,9716.872,4431.985,9571.03,10913.018,4767.564,9823.223999999995,150.40444078598176,8412.36575,2657.6679788988354,9174.593,2174.3365520846305,212.70400000000154,0.021890172063602442
2017-08-13,6791.8324999999995,32,8,3,2017,136,-0.663122658240795,-0.7485107481711013,5045.558,9929.576000000001,9716.872,4431.985,10713.721,8770.649,7487.5669999999955,3453.522247237169,7280.997750000001,2947.4573581155632,8441.1605,2473.216494084141,-4884.018000000001,-0.49186571511210553
2017-08-20,3783.892,33,8,3,2017,137,-0.7485107481711011,-0.6631226582407952,6791.8324999999995,5045.558,9929.576000000001,9716.872,10503.088,23367.662,5918.695249999994,1234.8025407631494,7870.959625000001,2365.917973363942,7950.9244375,2343.705833439508,1746.2744999999995,0.34610136282250625
2017-08-27,14460.025,34,8,3,2017,138,-0.8229838658936564,-0.5680647467311559,3783.892,6791.8324999999995,5045.558,9929.576000000001,7617.454000000001,12066.989,5287.862249999995,2126.9351249556503,6387.7146250000005,2663.9175365805854,7111.0249375,2497.3663373502413,-3007.9404999999997,-0.44287613099999157
2017-09-03,17558.9918,35,9,3,2017,139,-0.8854560256532096,-0.4647231720437691,14460.025,3783.892,6791.8324999999995,5045.558,9571.03,10913.018,9121.958499999993,7549.166041149488,7520.326875000001,4788.02466856358,7966.3463125,3616.561205018941,10676.133,2.821468741708273
2017-09-10,14920.9956,36,9,3,2017,140,-0.9350162426854147,-0.3546048870425359,17558.9918,14460.025,3783.892,6791.8324999999995,4431.985,10713.721,16009.508399999993,2191.300438952066,10648.685325,6436.338161960593,8964.8415375,4971.698483052124,3098.9668,0.2143126861813862
2017-09-17,16528.072,37,9,3,2017,141,-0.970941817426052,-0.23931566428755774,14920.9956,17558.9918,14460.025,3783.892,9716.872,10503.088,16239.993699999995,1865.345001764452,12680.976100000002,6086.483522278152,10275.9678625,4988.573594446962,-2637.9961999999996,-0.1502361997799896
2017-09-24,13848.655,38,9,3,2017,142,-0.992708874098054,-0.12053668025532357,16528.072,14920.9956,17558.9918,14460.025,9929.576000000001,7617.454000000001,15724.533799999994,1136.374620325035,15867.021100000002,1434.6143981472496,11127.3678625,5440.3023528525955,1607.0764,0.10770570832418169
2017-10-01,9753.1413,39,10,4,2017,143,-1.0,-1.8369701987210297e-16,13848.655,16528.072,14920.9956,17558.9918,5045.558,9571.03,15188.363499999992,1894.6339303266132,15714.178600000001,1650.7650532508849,11617.2527375,5493.229971597455,-2679.4169999999995,-0.1621131006689709
2017-10-08,28412.098,40,10,4,2017,144,-0.992708874098054,0.1205366802553232,9753.1413,13848.655,16528.072,14920.9956,6791.8324999999995,4431.985,11800.898149999994,2895.9655097124537,13762.715975000003,2890.956025556989,12205.700649999999,4909.85307910422,-4095.5137000000013,-0.29573367955227425
2017-10-15,7439.001,41,10,4,2017,145,-0.9709418174260521,0.23931566428755738,28412.098,9753.1413,13848.655,16528.072,3783.892,9716.872,19082.619649999993,13193.874812436183,17135.491575,8017.339568252347,14908.2338375,7006.675006152713,18658.956700000002,1.9131227699941151
2017-10-22,12415.173999999999,42,10,4,2017,146,-0.9350162426854148,0.35460488704253557,7439.001,28412.098,9753.1413,13848.655,14460.025,9929.576000000001,17925.549499999994,14830.219111183253,14863.223825000001,9413.34813404534,15365.1224625,6256.68719543813,-20973.097,-0.7381748788843401
2017-10-29,6625.845,43,10,4,2017,147,-0.8854560256532101,0.464723172043768,12415.173999999999,7439.001,28412.098,9753.1413,17558.9918,5045.558,9927.087499999992,3518.6856726574365,14504.853575000001,9491.807878005207,15109.5160875,6340.158404895544,4976.172999999999,0.6689302770627399
2017-11-05,16321.3878,44,11,4,2017,148,-0.822983865893657,0.5680647467311548,6625.845,12415.173999999999,7439.001,28412.098,14920.9956,6791.8324999999995,9520.509499999993,4093.6737944199594,13723.0295,10121.56544911943,13742.8727375,6891.136042359421,-5789.328999999999,-0.46631074200007183
2017-11-12,20640.302,45,11,4,2017,149,-0.7485107481711011,0.6631226582407952,16321.3878,6625.845,12415.173999999999,7439.001,16528.072,3783.892,11473.616399999994,6855.784061164426,10700.351950000002,4537.792253024052,13917.921762500002,6942.929814250939,9695.5428,1.4632915197986067
2017-11-19,12641.716,46,11,4,2017,150,-0.6631226582407955,0.7485107481711007,20640.302,16321.3878,6625.845,12415.173999999999,13848.655,14460.025,18480.844899999993,3053.9335181829497,14000.677200000002,5954.614052679204,14431.9505125,7306.49054107666,4318.914199999999,0.2646168483295275
2017-11-26,27367.716,47,11,4,2017,151,-0.5680647467311559,0.8229838658936564,12641.716,20640.302,16321.3878,6625.845,9753.1413,17558.9918,16641.00899999999,5655.8544005038175,14057.312700000002,5935.554182931536,14281.0831375,7332.669036812752,-7998.585999999999,-0.38752272132452326
2017-12-03,23324.762,48,12,4,2017,152,-0.4647231720437684,0.88545602565321,27367.716,12641.716,20640.302,16321.3878,28412.098,14920.9956,20004.715999999993,10412.854459753124,19242.780450000002,6326.563866294119,16482.904975,8352.49999859216,14726.0,1.1648735029326716
2017-12-10,18961.002,49,12,4,2017,153,-0.35460488704253595,0.9350162426854147,23324.762,27367.716,12641.716,20640.302,7439.001,16528.072,25346.238999999994,2858.8001894253944,20993.624000000003,6216.710193118089,15846.987975,7460.563282651131,-4042.9540000000015,-0.14772712490877948
2017-12-17,25449.8,50,12,4,2017,154,-0.2393156642875578,0.970941817426052,18961.002,23324.762,27367.716,12641.716,12415.173999999999,13848.655,21142.88199999999,3085.6442874707004,20573.799000000003,6304.605737404866,17287.238100000002,6676.486527430453,-4363.759999999998,-0.18708701079136403
2017-12-24,17948.247,51,12,4,2017,155,-0.12053668025532363,0.992708874098054,25449.8,18961.002,23324.762,27367.716,6625.845,9753.1413,22205.40099999999,4588.273067549771,23775.820000000003,3609.7022780141992,18916.56635,6904.253660540009,6488.797999999999,0.3422180958580141
2017-12-31,16060.185,52,12,4,2017,156,6.432490598706546e-16,1.0,17948.247,25449.8,18961.002,23324.762,16321.3878,28412.098,21699.023499999992,5304.398995730346,21420.952750000004,3557.487069207032,20331.8666,4892.1546953493225,-7501.553,-0.29475881932274517
2018-01-07,9060.984,1,1,1,2018,157,0.12053668025532305,0.992708874098054,16060.185,17948.247,25449.8,18961.002,20640.302,7439.001,17004.215999999993,1335.0614435008345,19604.808500000003,4077.865626548125,20299.21625,4923.515556798923,-1888.062,-0.10519478587518882
2018-01-14,7332.659000000001,2,1,1,2018,158,0.23931566428755774,0.970941817426052,9060.984,16060.185,17948.247,25449.8,12641.716,12415.173999999999,12560.584499999994,4949.182489987713,17129.804,6736.520451534444,18851.8015,6314.478680147187,-6999.200999999999,-0.4358107331889389
2018-01-21,13698.768,3,1,1,2018,159,0.3546048870425356,0.9350162426854148,7332.659000000001,9060.984,16060.185,17948.247,27367.716,6625.845,8196.821499999993,1222.110327594419,12600.518750000001,5191.215034053998,18188.169374999998,7267.449034206996,-1728.3249999999998,-0.19074363225892466
2018-01-28,9476.086,4,1,1,2018,160,0.4647231720437685,0.8854560256532099,13698.768,7332.659000000001,9060.984,16060.185,23324.762,16321.3878,10515.713499999993,4501.518843672761,11538.149000000001,4038.959297714457,16479.550875,6349.874456470305,6366.1089999999995,0.8681856063400737
2018-02-04,5776.328,5,2,1,2018,161,0.5680647467311558,0.8229838658936564,9476.086,13698.768,7332.659000000001,9060.984,18961.002,20640.302,11587.426999999992,2985.887076994452,9892.124250000003,2702.176958553057,14748.466375,6099.938124170386,-4222.682000000001,-0.3082526837449908
2018-02-11,5409.749,6,2,1,2018,162,0.6631226582407952,0.7485107481711011,5776.328,9476.086,13698.768,7332.659000000001,25449.8,12641.716,7626.206999999993,2616.1239705492626,9070.960250000002,3437.8784321518815,13100.382125,6562.763713323616,-3699.757999999999,-0.39043102816922504
2018-02-18,5648.0154,7,2,1,2018,163,0.7485107481711011,0.6631226582407953,5409.749,5776.328,9476.086,13698.768,17948.247,27367.716,5593.038499999993,259.21049674141545,8590.232750000001,3869.341253457118,10595.37575,4749.83207823592,-366.57900000000063,-0.06346228953757482
2018-02-25,4509.7519999999995,8,2,1,2018,164,0.8229838658936564,0.5680647467311559,5648.0154,5409.749,5776.328,9476.086,16060.185,23324.762,5528.882199999993,168.47978717018546,6577.544600000002,1938.3206979807967,9057.8468,3953.7690885143898,238.26640000000043,0.04404389187002944
2018-03-04,6164.182,9,3,1,2018,165,0.8854560256532099,0.4647231720437686,4509.7519999999995,5648.0154,5409.749,5776.328,9060.984,18961.002,5078.883699999993,804.8737689167222,5335.961100000002,571.3629972484596,7614.042675000001,3033.1947624508516,-1138.2634000000007,-0.2015333385953587
2018-03-11,6965.41,10,3,1,2018,166,0.9350162426854148,0.35460488704253557,6164.182,4509.7519999999995,5648.0154,5409.749,7332.659000000001,25449.8,5336.966999999992,1169.8586719986433,5432.924600000001,691.3238978285116,7251.942425,3008.592868037271,1654.4300000000003,0.3668560931953688
2018-03-18,8779.131000000001,11,3,1,2018,167,0.970941817426052,0.23931566428755804,6965.41,6164.182,4509.7519999999995,5648.0154,13698.768,17948.247,6564.795999999993,566.5537520769179,5821.839850000001,1029.0351955713868,7206.0363,3009.986805994567,801.2280000000001,0.12998123676426165
2018-03-25,26029.904,12,3,1,2018,168,0.992708874098054,0.120536680255323,8779.131000000001,6965.41,6164.182,4509.7519999999995,9476.086,16060.185,7872.270499999993,1282.4944182806194,6604.6187500000015,1773.99033090972,6591.081675,1720.20980806502,1813.7210000000014,0.26038969708890103
2018-04-01,19382.9038,13,4,2,2018,169,1.0,-1.6081226496766364e-16,26029.904,8779.131000000001,6965.41,6164.182,5776.328,9060.984,17404.517499999994,12198.138569009821,11984.656750000002,9427.179321874226,8660.308925,7131.467536978537,17250.772999999997,1.9649750072074328
2018-04-08,10151.6085,14,4,2,2018,170,0.992708874098054,-0.12053668025532288,19382.9038,26029.904,8779.131000000001,6965.41,5409.749,7332.659000000001,22706.40389999999,4700.138915968398,15289.337200000002,9014.573598555395,10361.1309,7923.9162068234955,-6647.000199999999,-0.25536015038703175
2018-04-15,5102.797,15,4,2,2018,171,0.9709418174260521,-0.2393156642875575,10151.6085,19382.9038,26029.904,8779.131000000001,5648.0154,13698.768,14767.256149999994,6527.511505765543,16085.886825000001,8131.382384213012,10953.8633375,7674.039719786789,-9231.2953,-0.47625966652117413
2018-04-22,7631.758,16,4,2,2018,172,0.9350162426854148,-0.35460488704253545,5102.797,10151.6085,19382.9038,26029.904,4509.7519999999995,9476.086,7627.202749999993,3570.048848582686,15166.803325,9349.13297108039,10885.7110375,7730.10807915616,-5048.811500000001,-0.49734103713711975
2018-04-29,5292.6326,17,4,2,2018,173,0.8854560256532099,-0.4647231720437685,7631.758,5102.797,10151.6085,19382.9038,6164.182,5776.328,6367.277499999993,1788.245472456429,10567.266825000002,6228.0513177108005,11275.9617875,7435.426666088124,2528.9610000000002,0.495602901702733
2018-05-06,11606.7218,18,5,2,2018,174,0.8229838658936565,-0.5680647467311557,5292.6326,7631.758,5102.797,10151.6085,6965.41,5409.749,6462.195299999992,1654.0114323858218,7044.699025000002,2369.1239561129537,11167.0181125,7526.846937301324,-2339.1254,-0.3064988957983207
2018-05-13,11772.475,19,5,2,2018,175,0.7485107481711013,-0.663122658240795,11606.7218,5292.6326,7631.758,5102.797,8779.131000000001,5648.0154,8449.677199999991,4464.735290336792,7408.477350000001,3025.8922426891727,11747.1820875,7333.105758151172,6314.089199999999,1.192995939298715
2018-05-20,14571.618,20,5,2,2018,176,0.6631226582407952,-0.7485107481711012,11772.475,11606.7218,5292.6326,7631.758,26029.904,4509.7519999999995,11689.598399999992,117.20521172544254,9075.896850000001,3166.2403599015124,12121.350087499999,7235.748350646946,165.75320000000102,0.014280793737987407
2018-05-27,4357.192,21,5,2,2018,177,0.5680647467311558,-0.8229838658936564,14571.618,11772.475,11606.7218,5292.6326,19382.9038,6164.182,13172.046499999993,1979.292996810985,10810.861850000001,3922.2541896884422,10689.0643375,4820.147900903835,2799.143,0.23777013754541843
2018-06-03,6581.8854,22,6,2,2018,178,0.46472317204376906,-0.8854560256532096,4357.192,14571.618,11772.475,11606.7218,10151.6085,6965.41,9464.404999999992,7222.689890528213,10577.001700000003,4363.961196886647,8810.8503625,3759.2750311293207,-10214.426,-0.700980906856054
2018-06-10,6481.389999999999,23,6,2,2018,179,0.35460488704253584,-0.9350162426854147,6581.8854,4357.192,14571.618,11772.475,5102.797,8779.131000000001,5469.538699999992,1573.0957892010847,9320.792600000002,4680.486354297223,8364.634975,3789.1353774811105,2224.6934,0.5105796118233945
2018-06-17,15095.256,24,6,2,2018,180,0.23931566428755768,-0.970941817426052,6481.389999999999,6581.8854,4357.192,14571.618,7631.758,26029.904,6531.637699999992,71.06097882100171,7998.021350000003,4500.867433188052,8536.9591,3648.332068814988,-100.4954000000007,-0.015268482189009336
2018-06-24,6318.9355,25,6,2,2018,181,0.12053668025532308,-0.992708874098054,15095.256,6481.389999999999,6581.8854,4357.192,5292.6326,19382.9038,10788.322999999991,6090.9230608322805,8128.930850000002,4756.169345348796,9469.896349999999,4282.8759044097405,8613.866,1.3290152266720567
2018-07-01,17261.1922,26,7,3,2018,182,-3.216245299353273e-16,-1.0,6318.9355,15095.256,6481.389999999999,6581.8854,11606.7218,10151.6085,10707.095749999991,6205.795739416549,8619.366725000002,4318.618619781908,9598.1842125,4153.2868519809535,-8776.3205,-0.5813959365776904
2018-07-08,11589.842,27,7,3,2018,183,-0.12053668025532283,-0.992708874098054,17261.1922,6318.9355,15095.256,6481.389999999999,11772.475,5102.797,11790.063849999991,7737.343914053965,11289.193425000001,5714.581329309682,10304.993012500001,4948.872605552184,10942.256700000002,1.731661400879943
2018-07-15,9998.841,28,7,3,2018,184,-0.23931566428755743,-0.9709418174260521,11589.842,17261.1922,6318.9355,15095.256,14571.618,7631.758,14425.517099999994,4010.2501849037435,12566.306425000002,4775.65578886,10282.163887499999,4941.551876649837,-5671.350200000001,-0.3285607468063533
2018-07-22,10896.305,29,7,3,2018,185,-0.3546048870425356,-0.9350162426854148,9998.841,11589.842,17261.1922,6318.9355,4357.192,5292.6326,10794.341499999993,1125.0075959747828,11292.202675000002,4550.589556443491,9710.566762499999,4629.09453867944,-1591.0010000000002,-0.13727546932909007
2018-07-29,9618.882,30,7,3,2018,186,-0.46472317204376806,-0.8854560256532101,10896.305,9998.841,11589.842,17261.1922,6581.8854,11606.7218,10447.572999999993,634.6028802711639,12436.545050000002,3281.7102565528726,10527.9558875,4095.327785642252,897.4639999999999,0.08975680281344611
2018-08-05,5205.628,31,8,3,2018,187,-0.5680647467311556,-0.8229838658936565,9618.882,10896.305,9998.841,11589.842,6481.389999999999,11772.475,10257.593499999992,903.2744657439166,10525.967500000002,888.7529216021968,10907.5804625,3807.961438130808,-1277.4230000000007,-0.11723451206624635
2018-08-12,11128.53,32,8,3,2018,188,-0.663122658240795,-0.7485107481711013,5205.628,9618.882,10896.305,9998.841,15095.256,14571.618,7412.254999999992,3120.6418304987274,8929.914000000002,2539.9659847479907,10748.1102125,4039.4774412618217,-4413.254,-0.45881153339858005
2018-08-19,22222.554,33,8,3,2018,189,-0.7485107481711011,-0.6631226582407952,11128.53,5205.628,9618.882,10896.305,6318.9355,4357.192,8167.078999999993,4188.124168503419,9212.336250000002,2752.3650246032175,10252.2694625,3654.778170155184,5922.902000000001,1.1377881784868227
2018-08-26,15330.072,34,8,3,2018,190,-0.8229838658936564,-0.5680647467311559,22222.554,11128.53,5205.628,9618.882,17261.1922,6581.8854,16675.541999999994,7844.659601046335,12043.898500000003,7236.149430346575,12240.221775,5205.804246707474,11094.024,0.9968993209345707
2018-09-02,20946.612,35,9,3,2018,191,-0.8854560256532096,-0.4647231720437691,15330.072,22222.554,11128.53,5205.628,11589.842,6481.389999999999,18776.312999999995,4873.7207614062645,13471.696000000004,7161.223921875367,11998.83175,4979.582056990538,-6892.482,-0.31015705935510385
2018-09-09,17672.048,36,9,3,2018,192,-0.9350162426854147,-0.3546048870425359,20946.612,15330.072,22222.554,11128.53,9998.841,15095.256,18138.341999999993,3971.4935208055495,17406.942000000003,5146.235805003095,13168.428000000002,5886.12797684628,5616.540000000001,0.366374013116181
2018-09-16,20166.201,37,9,3,2018,193,-0.970941817426052,-0.23931566428755774,17672.048,20946.612,15330.072,22222.554,10896.305,6318.9355,19309.329999999994,2315.4664098294406,19042.821500000002,3130.423074575192,14127.578875000001,5920.932190897119,-3274.564000000002,-0.15632905216366266
2018-09-23,26104.433,38,9,3,2018,194,-0.992708874098054,-0.12053668025532357,20166.201,17672.048,20946.612,15330.072,9618.882,17261.1922,18919.12449999999,1763.6324996168955,18528.73325,2549.0378375516652,15286.315875,6102.511437296502,2494.153000000002,0.1411354812979233
2018-09-30,12296.062,39,9,3,2018,195,-1.0,-1.8369701987210297e-16,26104.433,20166.201,17672.048,20946.612,5205.628,11589.842,23135.316999999995,4198.964115459003,21222.323500000002,3541.697373770953,17347.00975,6672.16711771866,5938.232,0.29446458457892
2018-10-07,21535.594,40,10,4,2018,196,-0.992708874098054,0.1205366802553232,12296.062,26104.433,20166.201,17672.048,11128.53,9998.841,19200.247499999994,9763.992771239691,19059.686,5730.764479882634,18233.314000000002,5119.14249114907,-13808.371000000001,-0.5289665169130469
2018-10-14,16509.831000000002,41,10,4,2018,197,-0.9709418174260521,0.23931566428755738,21535.594,12296.062,26104.433,20166.201,22222.554,10896.305,16915.827999999994,6533.335732190138,20025.572500000002,5744.499364712424,19534.197,4314.892214959844,9239.532000000001,0.751422040650088
2018-10-21,13270.8182,42,10,4,2018,198,-0.9350162426854148,0.35460488704253557,16509.831000000002,21535.594,12296.062,26104.433,15330.072,9618.882,19022.712499999994,3553.751097936504,19111.480000000003,5999.895009612791,18820.106625,4278.988358749786,-5025.762999999999,-0.23337006631904367
2018-10-28,21535.27,43,10,4,2018,199,-0.8854560256532101,0.464723172043768,13270.8182,16509.831000000002,21535.594,12296.062,20946.612,5205.628,14890.324599999993,2290.3279152301175,15903.0763,4164.642512557559,18562.6999,4570.90775891791,-3239.0128000000022,-0.19618691433001356
2018-11-04,29017.467,44,11,4,2018,200,-0.822983865893657,0.5680647467311548,21535.27,13270.8182,16509.831000000002,21535.594,17672.048,11128.53,17403.044099999992,5843.849910569405,18212.878300000004,4058.0395254073196,18636.28215,4619.2486325084565,8264.4518,0.6227537500287661
2018-11-11,20015.55,45,11,4,2018,201,-0.7485107481711011,0.6631226582407952,29017.467,21535.27,13270.8182,16509.831000000002,20166.201,22222.554,25276.36849999999,5290.712236873688,20083.346550000002,6858.258909893797,20054.459525,5856.762152304523,7482.197,0.34743920090159075
2018-11-18,30572.447,46,11,4,2018,202,-0.6631226582407955,0.7485107481711007,20015.55,29017.467,21535.27,13270.8182,26104.433,15330.072,24516.50849999999,6365.316554378501,20959.7763,6461.919538980471,20035.628149999997,5856.593734404866,-9001.917000000001,-0.3102240798619673
2018-11-25,22212.769,47,11,4,2018,203,-0.5680647467311559,0.8229838658936564,30572.447,20015.55,29017.467,21535.27,12296.062,20946.612,25293.99849999999,7464.853456987955,25285.183500000003,5282.549382151507,20594.1299,6674.007114185596,10556.897,0.5274347694667396
2018-12-02,35998.9,48,12,4,2018,204,-0.4647231720437684,0.88545602565321,22212.769,30572.447,20015.55,29017.467,21535.594,17672.048,26392.607999999993,5911.185002336039,25454.558250000002,5130.922993743768,21833.718275,5772.669890699957,-8359.678,-0.27343830214179454
2018-12-09,21537.240999999998,49,12,4,2018,205,-0.35460488704253595,0.9350162426854147,35998.9,22212.769,30572.447,20015.55,16509.831000000002,20166.201,29105.83449999999,9748.266716426111,27199.9165,7422.552004977346,23641.631525,7631.524059842478,13786.131000000001,0.6206399121154145
2018-12-16,11542.834,50,12,4,2018,206,-0.2393156642875578,0.970941817426052,21537.240999999998,35998.9,22212.769,30572.447,13270.8182,26104.433,28768.070499999987,10225.937146107499,27580.339250000005,6955.926028380102,24270.057775,7152.298738083037,-14461.659000000003,-0.40172502493131745
2018-12-23,19457.068,51,12,4,2018,207,-0.12053668025532363,0.992708874098054,11542.834,21537.240999999998,35998.9,22212.769,21535.27,12296.062,16540.037499999988,7067.112963638323,22822.936,10047.753378419362,24054.05975,7547.121999125014,-9994.406999999997,-0.4640523361372052
2018-12-30,15210.8858,52,12,4,2018,208,6.432490598706546e-16,1.0,19457.068,11542.834,21537.240999999998,35998.9,29017.467,21535.594,15499.950999999988,5596.208529297165,22134.01075,10196.90043568466,23794.2845,7680.787898465512,7914.233999999999,0.6856404588335931
